poi_id,name,category,lat,lon,area,demand_role,source,source_url,verification_status,confidence,notes
big_c_supercenter_phrae,Big C Supercenter Phrae,department_store,18.1284,100.144,Mueang Phrae,retail_destination,Thailand YellowPages,https://www.yellowpages.co.th/en/profile/Big-C-Supercenter-Phrae-Branch-29VdzZg99S,public_listing_verified,high,"Address, opening hours, and coordinates are published on YellowPages. Good city-retail anchor."
global_house_phrae,Global House Phrae,home_improvement_community_retail,18.107636,100.137151,Sung Men / Mueang Phrae edge,retail_destination_and_verified_charger_host,EA Anywhere operator page,https://eaanywhere.com/partnerships/484,operator_page_verified,high,EA Anywhere lists Global House Phrae with AC/DC chargers and Google Maps direction coordinates.
phrae_bus_terminal,Phrae Bus Terminal,bus_station,18.14853,100.15165,Mueang Phrae,transport_gateway,WorldPlaces + OSM,https://thailand.worldplaces.me/places-in-phrae/24919774-phrae-bus-terminal.html,public_listing_verified,medium_high,Public listing provides coordinates; OSM also records a bus station near this point.
den_chai_railway_station,Den Chai Railway Station,railway_station,17.9805247,100.0462183,Den Chai,transport_gateway,ThaiTracks + OSM,https://www.thaitracks.com/timetable/allstations.html?station=Den+Chai,public_listing_osm_verified,medium_high,Key road/rail gateway for Phrae and onward Nan travel; important beyond local district population.
lotus_go_fresh_den_chai,Lotus's Go Fresh Den Chai Phrae,supermarket,,,Den Chai,local_retail_destination,Lotus's branch page,https://my.lotuss.com/branch/3525/th,brand_branch_page_verified_no_coordinates,medium,Branch existence verified from Lotus's page; exact pin still needs Google Maps/operator confirmation.
lotus_go_fresh_mungthong_market,Lotus's Go Fresh Talat Mung Thong Phrae,supermarket,,,Mueang Phrae,local_retail_destination,Lotus's branch page,https://my.lotuss.com/branch/2972/th,brand_branch_page_verified_no_coordinates,medium,Branch existence verified from Lotus's page; exact pin still needs Google Maps confirmation.
lotus_go_fresh_wang_chin,Lotus's Go Fresh Wang Chin Phrae,supermarket,,,Wang Chin,district_retail_destination,Lotus's branch page,https://my.lotuss.com/branch/3000/th,brand_branch_page_verified_no_coordinates,medium,"Branch existence verified from Lotus's page; useful district POI, lower relevance for Den Chai route-stop model."
osm_fuel_node_900124030,PT,fuel,17.9131022,99.6027879,Phrae / nearby corridor bbox,roadside_rest_stop_or_charger_audit_target,OpenStreetMap Overpass,https://www.openstreetmap.org/node/900124030,osm_sourced_needs_field_check,medium,OSM tags: amenity=fuel; shop=None; tourism=None; railway=None; brand=None; operator=None
osm_station_node_980072550,บ้านปิน,station,18.0961587,99.8669565,Phrae / nearby corridor bbox,transport_gateway,OpenStreetMap Overpass,https://www.openstreetmap.org/node/980072550,osm_sourced_needs_field_check,medium,OSM tags: amenity=None; shop=None; tourism=None; railway=station; brand=None; operator=None
osm_station_node_998990373,เด่นชัย,station,17.9805247,100.0462183,Phrae / nearby corridor bbox,transport_gateway,OpenStreetMap Overpass,https://www.openstreetmap.org/node/998990373,osm_sourced_needs_field_check,medium,OSM tags: amenity=None; shop=None; tourism=None; railway=station; brand=None; operator=None
osm_fuel_node_1399532014,Proserve,fuel,18.2964905,100.2793697,Phrae / nearby corridor bbox,roadside_rest_stop_or_charger_audit_target,OpenStreetMap Overpass,https://www.openstreetmap.org/node/1399532014,osm_sourced_needs_field_check,medium,OSM tags: amenity=fuel; shop=None; tourism=None; railway=None; brand=None; operator=None
osm_bus_station_node_1572577715,Prae,bus_station,18.1485204,100.1519385,Phrae / nearby corridor bbox,transport_gateway,OpenStreetMap Overpass,https://www.openstreetmap.org/node/1572577715,osm_sourced_needs_field_check,medium,OSM tags: amenity=bus_station; shop=None; tourism=None; railway=None; brand=None; operator=None
osm_bus_station_node_2622028436,นครชัยแอร์,bus_station,17.9699407,100.0687491,Phrae / nearby corridor bbox,transport_gateway,OpenStreetMap Overpass,https://www.openstreetmap.org/node/2622028436,osm_sourced_needs_field_check,low_medium,OSM tags: amenity=bus_station; shop=None; tourism=None; railway=None; brand=None; operator=นครชัยแอร์
osm_fuel_node_3198483711,LPG Station,fuel,17.9580612,100.0680694,Phrae / nearby corridor bbox,roadside_rest_stop_or_charger_audit_target,OpenStreetMap Overpass,https://www.openstreetmap.org/node/3198483711,osm_sourced_needs_field_check,medium,OSM tags: amenity=fuel; shop=None; tourism=None; railway=None; brand=None; operator=None
osm_fuel_node_3239863218,Minipump,fuel,18.348418,100.4417629,Phrae / nearby corridor bbox,roadside_rest_stop_or_charger_audit_target,OpenStreetMap Overpass,https://www.openstreetmap.org/node/3239863218,osm_sourced_needs_field_check,medium,OSM tags: amenity=fuel; shop=None; tourism=None; railway=None; brand=None; operator=None
osm_fuel_node_3239898031,Minipump,fuel,18.1284886,100.2155309,Phrae / nearby corridor bbox,roadside_rest_stop_or_charger_audit_target,OpenStreetMap Overpass,https://www.openstreetmap.org/node/3239898031,osm_sourced_needs_field_check,medium,OSM tags: amenity=fuel; shop=None; tourism=None; railway=None; brand=None; operator=None
osm_fuel_node_3939150810,Minipump,fuel,17.948622,99.9201487,Phrae / nearby corridor bbox,roadside_rest_stop_or_charger_audit_target,OpenStreetMap Overpass,https://www.openstreetmap.org/node/3939150810,osm_sourced_needs_field_check,medium,OSM tags: amenity=fuel; shop=None; tourism=None; railway=None; brand=None; operator=None
osm_attraction_node_3962798645,ศาลเจ้าพ่อเสือ,attraction,17.893083,100.0488613,Phrae / nearby corridor bbox,tourism_destination,OpenStreetMap Overpass,https://www.openstreetmap.org/node/3962798645,osm_sourced_needs_field_check,medium,OSM tags: amenity=None; shop=None; tourism=attraction; railway=None; brand=None; operator=None
osm_supermarket_node_3963546190,Lotus's go fresh,supermarket,18.142876,100.141756,Phrae / nearby corridor bbox,retail_destination,OpenStreetMap Overpass,https://www.openstreetmap.org/node/3963546190,osm_sourced_needs_field_check,medium,OSM tags: amenity=None; shop=supermarket; tourism=None; railway=None; brand=Lotus's; operator=None
osm_fuel_node_4033115562,Minipump,fuel,17.8817832,99.6128012,Phrae / nearby corridor bbox,roadside_rest_stop_or_charger_audit_target,OpenStreetMap Overpass,https://www.openstreetmap.org/node/4033115562,osm_sourced_needs_field_check,medium,OSM tags: amenity=fuel; shop=None; tourism=None; railway=None; brand=None; operator=None
osm_fuel_node_4213284954,Minipump,fuel,17.9944348,99.8527129,Phrae / nearby corridor bbox,roadside_rest_stop_or_charger_audit_target,OpenStreetMap Overpass,https://www.openstreetmap.org/node/4213284954,osm_sourced_needs_field_check,medium,OSM tags: amenity=fuel; shop=None; tourism=None; railway=None; brand=None; operator=None
osm_hospital_node_4279269535,ศูนย์กู้ชีพลูนิเกต,hospital,18.4411432,100.1660074,Phrae / nearby corridor bbox,high-dwell_healthcare_destination,OpenStreetMap Overpass,https://www.openstreetmap.org/node/4279269535,osm_sourced_needs_field_check,medium,OSM tags: amenity=hospital; shop=None; tourism=None; railway=None; brand=None; operator=None
osm_marketplace_node_4321370906,ตลาดสดเทศบาลเมืองแพร่,marketplace,18.1434179,100.1420702,Phrae / nearby corridor bbox,retail_destination,OpenStreetMap Overpass,https://www.openstreetmap.org/node/4321370906,osm_sourced_needs_field_check,medium,OSM tags: amenity=marketplace; shop=None; tourism=None; railway=None; brand=None; operator=None
osm_museum_node_4323391227,พิพิธภัณฑ์บ้านวงศ์บุรี,museum,18.1436861,100.1360722,Phrae / nearby corridor bbox,tourism_destination,OpenStreetMap Overpass,https://www.openstreetmap.org/node/4323391227,osm_sourced_needs_field_check,medium,OSM tags: amenity=None; shop=None; tourism=museum; railway=None; brand=None; operator=None
osm_attraction_node_4576713495,Golden Rock,attraction,18.1163993,100.299392,Phrae / nearby corridor bbox,tourism_destination,OpenStreetMap Overpass,https://www.openstreetmap.org/node/4576713495,osm_sourced_needs_field_check,medium,OSM tags: amenity=None; shop=None; tourism=attraction; railway=None; brand=None; operator=None
osm_fuel_node_4590578899,PTT,fuel,17.9830424,100.0527429,Phrae / nearby corridor bbox,roadside_rest_stop_or_charger_audit_target,OpenStreetMap Overpass,https://www.openstreetmap.org/node/4590578899,osm_sourced_needs_field_check,medium,OSM tags: amenity=fuel; shop=None; tourism=None; railway=None; brand=None; operator=None
osm_attraction_node_4632294689,Mulberry farm,attraction,17.9314252,99.9338563,Phrae / nearby corridor bbox,tourism_destination,OpenStreetMap Overpass,https://www.openstreetmap.org/node/4632294689,osm_sourced_needs_field_check,medium,OSM tags: amenity=None; shop=None; tourism=attraction; railway=None; brand=None; operator=None
osm_attraction_node_4996035421,ถ้ำผานางคอย,attraction,18.36928,100.3544325,Phrae / nearby corridor bbox,tourism_destination,OpenStreetMap Overpass,https://www.openstreetmap.org/node/4996035421,osm_sourced_needs_field_check,medium,OSM tags: amenity=None; shop=None; tourism=attraction; railway=None; brand=None; operator=None
osm_attraction_node_4996458822,1000 year old tree,attraction,18.2635895,100.3242782,Phrae / nearby corridor bbox,tourism_destination,OpenStreetMap Overpass,https://www.openstreetmap.org/node/4996458822,osm_sourced_needs_field_check,medium,OSM tags: amenity=None; shop=None; tourism=attraction; railway=None; brand=None; operator=None
osm_supermarket_node_5030449221,Saturday Night Market,supermarket,18.3085432,100.293636,Phrae / nearby corridor bbox,retail_destination,OpenStreetMap Overpass,https://www.openstreetmap.org/node/5030449221,osm_sourced_needs_field_check,medium,OSM tags: amenity=None; shop=supermarket; tourism=None; railway=None; brand=None; operator=None
osm_attraction_node_5212305822,Sunday Night Market,attraction,18.142418,100.1416157,Phrae / nearby corridor bbox,retail_destination,OpenStreetMap Overpass,https://www.openstreetmap.org/node/5212305822,osm_sourced_needs_field_check,medium,OSM tags: amenity=None; shop=None; tourism=attraction; railway=None; brand=None; operator=None
osm_hospital_node_5281006275,โรงพยาบาลส่งเสริมสุขภาพตำบลนาตอง,hospital,17.9999969,100.255068,Phrae / nearby corridor bbox,high-dwell_healthcare_destination,OpenStreetMap Overpass,https://www.openstreetmap.org/node/5281006275,osm_sourced_needs_field_check,medium,OSM tags: amenity=hospital; shop=None; tourism=None; railway=None; brand=None; operator=None
osm_museum_node_6285816587,บ้านประทับใจ,museum,18.1375256,100.1310074,Phrae / nearby corridor bbox,tourism_destination,OpenStreetMap Overpass,https://www.openstreetmap.org/node/6285816587,osm_sourced_needs_field_check,medium,OSM tags: amenity=None; shop=None; tourism=museum; railway=None; brand=None; operator=None
osm_attraction_node_6347000585,มอนเสาหินพิศวง,attraction,17.8381889,99.8009023,Phrae / nearby corridor bbox,tourism_destination,OpenStreetMap Overpass,https://www.openstreetmap.org/node/6347000585,osm_sourced_needs_field_check,medium,OSM tags: amenity=None; shop=None; tourism=attraction; railway=None; brand=None; operator=None
osm_attraction_node_6364045985,Mosque,attraction,17.979445,100.0541702,Phrae / nearby corridor bbox,tourism_destination,OpenStreetMap Overpass,https://www.openstreetmap.org/node/6364045985,osm_sourced_needs_field_check,medium,OSM tags: amenity=None; shop=None; tourism=attraction; railway=None; brand=None; operator=None
osm_attraction_node_7130172685,ต้นพุททราป่าลูกโตรสดี,attraction,17.9322943,100.0624907,Phrae / nearby corridor bbox,tourism_destination,OpenStreetMap Overpass,https://www.openstreetmap.org/node/7130172685,osm_sourced_needs_field_check,medium,OSM tags: amenity=None; shop=None; tourism=attraction; railway=None; brand=None; operator=None
osm_hospital_node_7856667761,โรงพยาบาลสูงเม่น,hospital,18.0598031,100.1175016,Phrae / nearby corridor bbox,high-dwell_healthcare_destination,OpenStreetMap Overpass,https://www.openstreetmap.org/node/7856667761,osm_sourced_needs_field_check,medium,OSM tags: amenity=hospital; shop=None; tourism=None; railway=None; brand=None; operator=None
osm_hospital_node_7856667762,โรงพยาบาลแพร่พร้อมมิตร,hospital,18.1419266,100.1503587,Phrae / nearby corridor bbox,high-dwell_healthcare_destination,OpenStreetMap Overpass,https://www.openstreetmap.org/node/7856667762,osm_sourced_needs_field_check,medium,OSM tags: amenity=hospital; shop=None; tourism=None; railway=None; brand=None; operator=None
osm_hospital_node_7856667763,โรงพยาบาลแพร่รวมแพทย์,hospital,18.1480845,100.1581693,Phrae / nearby corridor bbox,high-dwell_healthcare_destination,OpenStreetMap Overpass,https://www.openstreetmap.org/node/7856667763,osm_sourced_needs_field_check,medium,OSM tags: amenity=hospital; shop=None; tourism=None; railway=None; brand=None; operator=None
osm_hospital_node_7856667764,โรงพยาบาลหนองม่วงไข่,hospital,18.2785843,100.1795625,Phrae / nearby corridor bbox,high-dwell_healthcare_destination,OpenStreetMap Overpass,https://www.openstreetmap.org/node/7856667764,osm_sourced_needs_field_check,medium,OSM tags: amenity=hospital; shop=None; tourism=None; railway=None; brand=None; operator=None
osm_hospital_node_7856667765,โรงพยาบาลร้องกวาง,hospital,18.3063837,100.2910995,Phrae / nearby corridor bbox,high-dwell_healthcare_destination,OpenStreetMap Overpass,https://www.openstreetmap.org/node/7856667765,osm_sourced_needs_field_check,medium,OSM tags: amenity=hospital; shop=None; tourism=None; railway=None; brand=None; operator=None
osm_hospital_node_7856667766,โรงพยาบาลสอง,hospital,18.4604496,100.1817917,Phrae / nearby corridor bbox,high-dwell_healthcare_destination,OpenStreetMap Overpass,https://www.openstreetmap.org/node/7856667766,osm_sourced_needs_field_check,medium,OSM tags: amenity=hospital; shop=None; tourism=None; railway=None; brand=None; operator=None
osm_station_node_7949322097,ห้วยไร่,station,17.8860118,100.0404497,Phrae / nearby corridor bbox,transport_gateway,OpenStreetMap Overpass,https://www.openstreetmap.org/node/7949322097,osm_sourced_needs_field_check,medium,OSM tags: amenity=None; shop=None; tourism=None; railway=station; brand=None; operator=การรถไฟแห่งประเทศไทย
osm_station_node_7969800857,ปากปาน,station,17.9948521,100.0066924,Phrae / nearby corridor bbox,transport_gateway,OpenStreetMap Overpass,https://www.openstreetmap.org/node/7969800857,osm_sourced_needs_field_check,medium,OSM tags: amenity=None; shop=None; tourism=None; railway=station; brand=None; operator=การรถไฟแห่งประเทศไทย
osm_station_node_7969800858,แก่งหลวง,station,18.0247871,99.9468702,Phrae / nearby corridor bbox,transport_gateway,OpenStreetMap Overpass,https://www.openstreetmap.org/node/7969800858,osm_sourced_needs_field_check,medium,OSM tags: amenity=None; shop=None; tourism=None; railway=station; brand=None; operator=การรถไฟแห่งประเทศไทย
osm_station_node_7969809792,ผาคัน,station,18.2072368,99.8707507,Phrae / nearby corridor bbox,transport_gateway,OpenStreetMap Overpass,https://www.openstreetmap.org/node/7969809792,osm_sourced_needs_field_check,medium,OSM tags: amenity=None; shop=None; tourism=None; railway=station; brand=None; operator=การรถไฟแห่งประเทศไทย
osm_hospital_node_8238022064,รพ.ยุพราชเด่นชัย,hospital,17.9826605,100.0549475,Phrae / nearby corridor bbox,high-dwell_healthcare_destination,OpenStreetMap Overpass,https://www.openstreetmap.org/node/8238022064,osm_sourced_needs_field_check,medium,OSM tags: amenity=hospital; shop=None; tourism=None; railway=None; brand=None; operator=None
osm_hospital_node_8238022070,สำนักงานสาธารณสุขเด่นชัย,hospital,17.9818179,100.0484475,Phrae / nearby corridor bbox,high-dwell_healthcare_destination,OpenStreetMap Overpass,https://www.openstreetmap.org/node/8238022070,osm_sourced_needs_field_check,medium,OSM tags: amenity=hospital; shop=None; tourism=None; railway=None; brand=None; operator=None
osm_marketplace_node_8639592211,สวนคุณครู Herb and Vegetable จ.แพร่,marketplace,18.0969501,100.1906252,Phrae / nearby corridor bbox,retail_destination,OpenStreetMap Overpass,https://www.openstreetmap.org/node/8639592211,osm_sourced_needs_field_check,medium,OSM tags: amenity=marketplace; shop=None; tourism=None; railway=None; brand=None; operator=เดชาธร ไชยเกิด
osm_supermarket_node_10259408209,7-eleven,supermarket,18.1367367,100.1460972,Phrae / nearby corridor bbox,retail_destination,OpenStreetMap Overpass,https://www.openstreetmap.org/node/10259408209,osm_sourced_needs_field_check,medium,OSM tags: amenity=None; shop=supermarket; tourism=None; railway=None; brand=7-eleven; operator=None
osm_supermarket_node_10262176509,7 Eleven,supermarket,18.1424798,100.1410223,Phrae / nearby corridor bbox,retail_destination,OpenStreetMap Overpass,https://www.openstreetmap.org/node/10262176509,osm_sourced_needs_field_check,medium,OSM tags: amenity=None; shop=supermarket; tourism=None; railway=None; brand=None; operator=None
osm_supermarket_node_10271159311,7-Eleven,supermarket,18.1420227,100.1485542,Phrae / nearby corridor bbox,retail_destination,OpenStreetMap Overpass,https://www.openstreetmap.org/node/10271159311,osm_sourced_needs_field_check,medium,OSM tags: amenity=None; shop=supermarket; tourism=None; railway=None; brand=None; operator=None
osm_fuel_node_11410723939,Susco,fuel,18.0869638,100.1267545,Phrae / nearby corridor bbox,roadside_rest_stop_or_charger_audit_target,OpenStreetMap Overpass,https://www.openstreetmap.org/node/11410723939,osm_sourced_needs_field_check,medium,OSM tags: amenity=fuel; shop=None; tourism=None; railway=None; brand=None; operator=None
osm_hospital_node_12348381192,คลินิกเวชศาสตร์ฟื้นฟู หมอณัฏฐ์,hospital,18.149295,100.149419,Phrae / nearby corridor bbox,high-dwell_healthcare_destination,OpenStreetMap Overpass,https://www.openstreetmap.org/node/12348381192,osm_sourced_needs_field_check,medium,OSM tags: amenity=hospital; shop=None; tourism=None; railway=None; brand=None; operator=None
osm_supermarket_node_13366792501,Makro,supermarket,18.1176945,100.1510568,Phrae / nearby corridor bbox,retail_destination,OpenStreetMap Overpass,https://www.openstreetmap.org/node/13366792501,osm_sourced_needs_field_check,medium,OSM tags: amenity=None; shop=supermarket; tourism=None; railway=None; brand=None; operator=None
osm_attraction_node_13375328466,Buddhist History Park,attraction,18.1191205,99.872323,Phrae / nearby corridor bbox,tourism_destination,OpenStreetMap Overpass,https://www.openstreetmap.org/node/13375328466,osm_sourced_needs_field_check,medium,OSM tags: amenity=None; shop=None; tourism=attraction; railway=None; brand=None; operator=None
osm_attraction_node_13375414989,Kad Kong Kao Street Market,attraction,18.1422781,100.1368126,Phrae / nearby corridor bbox,retail_destination,OpenStreetMap Overpass,https://www.openstreetmap.org/node/13375414989,osm_sourced_needs_field_check,medium,OSM tags: amenity=None; shop=None; tourism=attraction; railway=None; brand=None; operator=None
osm_marketplace_node_13376959315,กาดกองเก่า แพร่,marketplace,18.1421761,100.135188,Phrae / nearby corridor bbox,retail_destination,OpenStreetMap Overpass,https://www.openstreetmap.org/node/13376959315,osm_sourced_needs_field_check,medium,OSM tags: amenity=marketplace; shop=None; tourism=attraction; railway=None; brand=None; operator=None
osm_marketplace_node_13377023227,OSM marketplace 13377023227,marketplace,18.1124626,100.1765921,Phrae / nearby corridor bbox,retail_destination,OpenStreetMap Overpass,https://www.openstreetmap.org/node/13377023227,osm_sourced_needs_field_check,low_medium,OSM tags: amenity=marketplace; shop=None; tourism=None; railway=None; brand=None; operator=None
osm_marketplace_node_13377042326,Fresh Market,marketplace,18.1385168,100.1482979,Phrae / nearby corridor bbox,retail_destination,OpenStreetMap Overpass,https://www.openstreetmap.org/node/13377042326,osm_sourced_needs_field_check,medium,OSM tags: amenity=marketplace; shop=None; tourism=None; railway=None; brand=None; operator=None
osm_marketplace_node_13377047459,Fresh Market,marketplace,18.1363372,100.1501605,Phrae / nearby corridor bbox,retail_destination,OpenStreetMap Overpass,https://www.openstreetmap.org/node/13377047459,osm_sourced_needs_field_check,medium,OSM tags: amenity=marketplace; shop=None; tourism=None; railway=None; brand=None; operator=None
osm_marketplace_node_13379570663,Night Market,marketplace,17.9803768,100.0476446,Phrae / nearby corridor bbox,retail_destination,OpenStreetMap Overpass,https://www.openstreetmap.org/node/13379570663,osm_sourced_needs_field_check,medium,OSM tags: amenity=marketplace; shop=None; tourism=attraction; railway=None; brand=None; operator=None
osm_attraction_node_13518302604,Old city wall and wood carved pillars,attraction,18.1481889,100.1443645,Phrae / nearby corridor bbox,tourism_destination,OpenStreetMap Overpass,https://www.openstreetmap.org/node/13518302604,osm_sourced_needs_field_check,medium,OSM tags: amenity=None; shop=None; tourism=attraction; railway=None; brand=None; operator=None
osm_museum_node_13666898100,หอศิลป์เมืองแพร่,museum,18.1424733,100.1418863,Phrae / nearby corridor bbox,tourism_destination,OpenStreetMap Overpass,https://www.openstreetmap.org/node/13666898100,osm_sourced_needs_field_check,medium,OSM tags: amenity=None; shop=None; tourism=museum; railway=None; brand=None; operator=None
osm_museum_node_13668206483,พิพิธภัณฑ์ไม้สัก,museum,18.1395741,100.1356289,Phrae / nearby corridor bbox,tourism_destination,OpenStreetMap Overpass,https://www.openstreetmap.org/node/13668206483,osm_sourced_needs_field_check,medium,OSM tags: amenity=None; shop=None; tourism=museum; railway=None; brand=None; operator=None
osm_museum_node_13671727430,พิพิธภัณฑ์บ้านเทพ,museum,18.1463354,100.1441636,Phrae / nearby corridor bbox,tourism_destination,OpenStreetMap Overpass,https://www.openstreetmap.org/node/13671727430,osm_sourced_needs_field_check,medium,OSM tags: amenity=None; shop=None; tourism=museum; railway=None; brand=None; operator=None
osm_museum_node_13671798134,พิพิธภัณฑ์พื้นบ้าน - บ้านฝ้าย,museum,18.1117161,100.1383307,Phrae / nearby corridor bbox,tourism_destination,OpenStreetMap Overpass,https://www.openstreetmap.org/node/13671798134,osm_sourced_needs_field_check,medium,OSM tags: amenity=None; shop=None; tourism=museum; railway=None; brand=None; operator=None
osm_museum_node_13677048453,พิพิธภัณฑ์วัดศรีดอนคำ พระเจ้าพร้าโต้,museum,18.0760202,99.8293795,Phrae / nearby corridor bbox,tourism_destination,OpenStreetMap Overpass,https://www.openstreetmap.org/node/13677048453,osm_sourced_needs_field_check,medium,OSM tags: amenity=None; shop=None; tourism=museum; railway=None; brand=None; operator=None
osm_supermarket_way_108190586,Lotus's,supermarket,18.1538236,100.1565128,Phrae / nearby corridor bbox,retail_destination,OpenStreetMap Overpass,https://www.openstreetmap.org/way/108190586,osm_sourced_needs_field_check,medium,OSM tags: amenity=None; shop=supermarket; tourism=None; railway=None; brand=Lotus's; operator=None
osm_attraction_way_252423924,บ่อน้ำพุร้อนแม่จอก,attraction,17.9786902,99.6376541,Phrae / nearby corridor bbox,tourism_destination,OpenStreetMap Overpass,https://www.openstreetmap.org/way/252423924,osm_sourced_needs_field_check,medium,OSM tags: amenity=None; shop=None; tourism=attraction; railway=None; brand=None; operator=None
osm_fuel_way_252425910,PT,fuel,17.9058343,99.6026662,Phrae / nearby corridor bbox,roadside_rest_stop_or_charger_audit_target,OpenStreetMap Overpass,https://www.openstreetmap.org/way/252425910,osm_sourced_needs_field_check,medium,OSM tags: amenity=fuel; shop=None; tourism=None; railway=None; brand=None; operator=None
osm_fuel_way_275865248,เชลล์,fuel,18.1893553,100.1865815,Phrae / nearby corridor bbox,roadside_rest_stop_or_charger_audit_target,OpenStreetMap Overpass,https://www.openstreetmap.org/way/275865248,osm_sourced_needs_field_check,medium,OSM tags: amenity=fuel; shop=None; tourism=None; railway=None; brand=เชลล์; operator=None
osm_fuel_way_275865394,PT,fuel,18.0919996,99.8469443,Phrae / nearby corridor bbox,roadside_rest_stop_or_charger_audit_target,OpenStreetMap Overpass,https://www.openstreetmap.org/way/275865394,osm_sourced_needs_field_check,medium,OSM tags: amenity=fuel; shop=None; tourism=None; railway=None; brand=PT; operator=None
osm_fuel_way_278762947,บางจาก,fuel,18.1899613,100.18821,Phrae / nearby corridor bbox,roadside_rest_stop_or_charger_audit_target,OpenStreetMap Overpass,https://www.openstreetmap.org/way/278762947,osm_sourced_needs_field_check,medium,OSM tags: amenity=fuel; shop=None; tourism=None; railway=None; brand=บางจาก; operator=None
osm_fuel_way_278762948,บางจาก,fuel,18.1965087,100.1910334,Phrae / nearby corridor bbox,roadside_rest_stop_or_charger_audit_target,OpenStreetMap Overpass,https://www.openstreetmap.org/way/278762948,osm_sourced_needs_field_check,medium,OSM tags: amenity=fuel; shop=None; tourism=None; railway=None; brand=บางจาก; operator=None
osm_fuel_way_311062956,PTT,fuel,17.9565708,100.0684107,Phrae / nearby corridor bbox,roadside_rest_stop_or_charger_audit_target,OpenStreetMap Overpass,https://www.openstreetmap.org/way/311062956,osm_sourced_needs_field_check,medium,OSM tags: amenity=fuel; shop=None; tourism=None; railway=None; brand=ป.ต.ท.; operator=PTT
osm_fuel_way_314943018,Bangchak,fuel,18.0873032,99.8412551,Phrae / nearby corridor bbox,roadside_rest_stop_or_charger_audit_target,OpenStreetMap Overpass,https://www.openstreetmap.org/way/314943018,osm_sourced_needs_field_check,medium,OSM tags: amenity=fuel; shop=None; tourism=None; railway=None; brand=บางจาก; operator=None
osm_hospital_way_314943353,Long Hospital,hospital,18.0901235,99.8435084,Phrae / nearby corridor bbox,high-dwell_healthcare_destination,OpenStreetMap Overpass,https://www.openstreetmap.org/way/314943353,osm_sourced_needs_field_check,medium,OSM tags: amenity=hospital; shop=None; tourism=None; railway=None; brand=None; operator=None
osm_fuel_way_314943355,PT,fuel,18.0903544,99.8450038,Phrae / nearby corridor bbox,roadside_rest_stop_or_charger_audit_target,OpenStreetMap Overpass,https://www.openstreetmap.org/way/314943355,osm_sourced_needs_field_check,medium,OSM tags: amenity=fuel; shop=None; tourism=None; railway=None; brand=None; operator=None
osm_fuel_way_314950155,PTT,fuel,18.1348092,100.1267394,Phrae / nearby corridor bbox,roadside_rest_stop_or_charger_audit_target,OpenStreetMap Overpass,https://www.openstreetmap.org/way/314950155,osm_sourced_needs_field_check,medium,OSM tags: amenity=fuel; shop=None; tourism=None; railway=None; brand=None; operator=None
osm_fuel_way_317754871,บางจาก,fuel,18.1210675,100.1402188,Phrae / nearby corridor bbox,roadside_rest_stop_or_charger_audit_target,OpenStreetMap Overpass,https://www.openstreetmap.org/way/317754871,osm_sourced_needs_field_check,medium,OSM tags: amenity=fuel; shop=None; tourism=None; railway=None; brand=บางจาก; operator=None
osm_fuel_way_317754873,PT,fuel,18.1344069,100.1168848,Phrae / nearby corridor bbox,roadside_rest_stop_or_charger_audit_target,OpenStreetMap Overpass,https://www.openstreetmap.org/way/317754873,osm_sourced_needs_field_check,medium,OSM tags: amenity=fuel; shop=None; tourism=None; railway=None; brand=None; operator=None
osm_fuel_way_318977828,Shell,fuel,18.2965061,100.2793556,Phrae / nearby corridor bbox,roadside_rest_stop_or_charger_audit_target,OpenStreetMap Overpass,https://www.openstreetmap.org/way/318977828,osm_sourced_needs_field_check,medium,OSM tags: amenity=fuel; shop=None; tourism=None; railway=None; brand=None; operator=None
osm_fuel_way_318978007,Bangchak,fuel,18.3018725,100.2848622,Phrae / nearby corridor bbox,roadside_rest_stop_or_charger_audit_target,OpenStreetMap Overpass,https://www.openstreetmap.org/way/318978007,osm_sourced_needs_field_check,medium,OSM tags: amenity=fuel; shop=None; tourism=None; railway=None; brand=บางจาก; operator=None
osm_fuel_way_318978563,บางจาก,fuel,18.1592477,100.1766248,Phrae / nearby corridor bbox,roadside_rest_stop_or_charger_audit_target,OpenStreetMap Overpass,https://www.openstreetmap.org/way/318978563,osm_sourced_needs_field_check,medium,OSM tags: amenity=fuel; shop=None; tourism=None; railway=None; brand=บางจาก; operator=None
osm_fuel_way_339484775,PT,fuel,18.0900982,100.1287059,Phrae / nearby corridor bbox,roadside_rest_stop_or_charger_audit_target,OpenStreetMap Overpass,https://www.openstreetmap.org/way/339484775,osm_sourced_needs_field_check,medium,OSM tags: amenity=fuel; shop=None; tourism=None; railway=None; brand=PT; operator=None
osm_fuel_way_339484779,PT,fuel,18.1041867,100.1350892,Phrae / nearby corridor bbox,roadside_rest_stop_or_charger_audit_target,OpenStreetMap Overpass,https://www.openstreetmap.org/way/339484779,osm_sourced_needs_field_check,medium,OSM tags: amenity=fuel; shop=None; tourism=None; railway=None; brand=None; operator=None
osm_fuel_way_339484782,Bangchak,fuel,18.1062163,100.1360104,Phrae / nearby corridor bbox,roadside_rest_stop_or_charger_audit_target,OpenStreetMap Overpass,https://www.openstreetmap.org/way/339484782,osm_sourced_needs_field_check,medium,OSM tags: amenity=fuel; shop=None; tourism=None; railway=None; brand=บางจาก; operator=None
osm_fuel_way_339484783,LPG,fuel,18.1117425,100.1406446,Phrae / nearby corridor bbox,roadside_rest_stop_or_charger_audit_target,OpenStreetMap Overpass,https://www.openstreetmap.org/way/339484783,osm_sourced_needs_field_check,medium,OSM tags: amenity=fuel; shop=None; tourism=None; railway=None; brand=None; operator=None
osm_fuel_way_339486141,PT,fuel,18.0687404,100.1196184,Phrae / nearby corridor bbox,roadside_rest_stop_or_charger_audit_target,OpenStreetMap Overpass,https://www.openstreetmap.org/way/339486141,osm_sourced_needs_field_check,medium,OSM tags: amenity=fuel; shop=None; tourism=None; railway=None; brand=None; operator=None
osm_fuel_way_339487361,Bangchak,fuel,18.0413432,100.1119598,Phrae / nearby corridor bbox,roadside_rest_stop_or_charger_audit_target,OpenStreetMap Overpass,https://www.openstreetmap.org/way/339487361,osm_sourced_needs_field_check,medium,OSM tags: amenity=fuel; shop=None; tourism=None; railway=None; brand=บางจาก; operator=None
osm_fuel_way_339488223,PT,fuel,17.9757744,100.0830859,Phrae / nearby corridor bbox,roadside_rest_stop_or_charger_audit_target,OpenStreetMap Overpass,https://www.openstreetmap.org/way/339488223,osm_sourced_needs_field_check,medium,OSM tags: amenity=fuel; shop=None; tourism=None; railway=None; brand=PT; operator=None
osm_fuel_way_339489133,LPG Station,fuel,17.9552781,100.0677977,Phrae / nearby corridor bbox,roadside_rest_stop_or_charger_audit_target,OpenStreetMap Overpass,https://www.openstreetmap.org/way/339489133,osm_sourced_needs_field_check,medium,OSM tags: amenity=fuel; shop=None; tourism=None; railway=None; brand=None; operator=None
osm_hospital_way_341960400,โรงพยาบาลสมเด็จพระยุพราชเด่นชัย,hospital,17.9828697,100.0545197,Phrae / nearby corridor bbox,high-dwell_healthcare_destination,OpenStreetMap Overpass,https://www.openstreetmap.org/way/341960400,osm_sourced_needs_field_check,medium,OSM tags: amenity=hospital; shop=None; tourism=None; railway=None; brand=None; operator=None
osm_fuel_way_384126523,PTT,fuel,18.3107379,100.2971696,Phrae / nearby corridor bbox,roadside_rest_stop_or_charger_audit_target,OpenStreetMap Overpass,https://www.openstreetmap.org/way/384126523,osm_sourced_needs_field_check,medium,OSM tags: amenity=fuel; shop=None; tourism=None; railway=None; brand=PTT; operator=None
osm_fuel_way_416614733,Bangchak,fuel,18.2521986,100.2291868,Phrae / nearby corridor bbox,roadside_rest_stop_or_charger_audit_target,OpenStreetMap Overpass,https://www.openstreetmap.org/way/416614733,osm_sourced_needs_field_check,medium,OSM tags: amenity=fuel; shop=None; tourism=None; railway=None; brand=บางจาก; operator=None
osm_marketplace_way_433302758,ตลาดสดเทศบาลเมืองแพร่,marketplace,18.1434245,100.1420779,Phrae / nearby corridor bbox,retail_destination,OpenStreetMap Overpass,https://www.openstreetmap.org/way/433302758,osm_sourced_needs_field_check,medium,OSM tags: amenity=marketplace; shop=None; tourism=None; railway=None; brand=None; operator=None
osm_museum_way_433838558,คุ้มเจ้าหลวง,museum,18.1442444,100.1387321,Phrae / nearby corridor bbox,tourism_destination,OpenStreetMap Overpass,https://www.openstreetmap.org/way/433838558,osm_sourced_needs_field_check,medium,OSM tags: amenity=None; shop=None; tourism=museum; railway=None; brand=None; operator=None
osm_department_store_way_438314563,มาร์คโฟร์ พลาซ่า,department_store,18.13173,100.1502047,Phrae / nearby corridor bbox,retail_destination,OpenStreetMap Overpass,https://www.openstreetmap.org/way/438314563,osm_sourced_needs_field_check,medium,OSM tags: amenity=None; shop=department_store; tourism=None; railway=None; brand=None; operator=None
osm_supermarket_way_446929465,Big C,supermarket,18.1283376,100.1449001,Phrae / nearby corridor bbox,retail_destination,OpenStreetMap Overpass,https://www.openstreetmap.org/way/446929465,osm_sourced_needs_field_check,medium,OSM tags: amenity=None; shop=supermarket; tourism=None; railway=None; brand=Big C; operator=None
osm_fuel_way_446929468,บางจาก,fuel,18.1306839,100.1447306,Phrae / nearby corridor bbox,roadside_rest_stop_or_charger_audit_target,OpenStreetMap Overpass,https://www.openstreetmap.org/way/446929468,osm_sourced_needs_field_check,medium,OSM tags: amenity=fuel; shop=None; tourism=None; railway=None; brand=บางจาก; operator=None
osm_marketplace_way_446929641,กาดน้ำทอง,marketplace,18.1307094,100.148602,Phrae / nearby corridor bbox,retail_destination,OpenStreetMap Overpass,https://www.openstreetmap.org/way/446929641,osm_sourced_needs_field_check,medium,OSM tags: amenity=marketplace; shop=None; tourism=None; railway=None; brand=None; operator=None
osm_fuel_way_454980414,PT,fuel,18.0925987,100.1310893,Phrae / nearby corridor bbox,roadside_rest_stop_or_charger_audit_target,OpenStreetMap Overpass,https://www.openstreetmap.org/way/454980414,osm_sourced_needs_field_check,medium,OSM tags: amenity=fuel; shop=None; tourism=None; railway=None; brand=PT; operator=None
osm_fuel_way_456145481,Bangchak,fuel,17.9718523,100.0746576,Phrae / nearby corridor bbox,roadside_rest_stop_or_charger_audit_target,OpenStreetMap Overpass,https://www.openstreetmap.org/way/456145481,osm_sourced_needs_field_check,medium,OSM tags: amenity=fuel; shop=None; tourism=None; railway=None; brand=บางจาก; operator=None
osm_fuel_way_478606955,PT,fuel,17.7856844,99.7700718,Phrae / nearby corridor bbox,roadside_rest_stop_or_charger_audit_target,OpenStreetMap Overpass,https://www.openstreetmap.org/way/478606955,osm_sourced_needs_field_check,medium,OSM tags: amenity=fuel; shop=None; tourism=None; railway=None; brand=None; operator=None
osm_fuel_way_540201638,PT,fuel,18.0916522,100.1970092,Phrae / nearby corridor bbox,roadside_rest_stop_or_charger_audit_target,OpenStreetMap Overpass,https://www.openstreetmap.org/way/540201638,osm_sourced_needs_field_check,medium,OSM tags: amenity=fuel; shop=None; tourism=None; railway=None; brand=PT; operator=None
osm_fuel_way_544255134,ป.ต.ท.,fuel,18.0374944,100.1106108,Phrae / nearby corridor bbox,roadside_rest_stop_or_charger_audit_target,OpenStreetMap Overpass,https://www.openstreetmap.org/way/544255134,osm_sourced_needs_field_check,medium,OSM tags: amenity=fuel; shop=None; tourism=None; railway=None; brand=ป.ต.ท.; operator=None
osm_fuel_way_544730451,PTT,fuel,18.1347596,100.1396693,Phrae / nearby corridor bbox,roadside_rest_stop_or_charger_audit_target,OpenStreetMap Overpass,https://www.openstreetmap.org/way/544730451,osm_sourced_needs_field_check,medium,OSM tags: amenity=fuel; shop=None; tourism=None; railway=None; brand=ป.ต.ท.; operator=None
osm_fuel_way_546460897,PT,fuel,18.0759229,100.1743316,Phrae / nearby corridor bbox,roadside_rest_stop_or_charger_audit_target,OpenStreetMap Overpass,https://www.openstreetmap.org/way/546460897,osm_sourced_needs_field_check,medium,OSM tags: amenity=fuel; shop=None; tourism=None; railway=None; brand=PT; operator=None
osm_fuel_way_546481150,PT,fuel,18.064512,99.7882416,Phrae / nearby corridor bbox,roadside_rest_stop_or_charger_audit_target,OpenStreetMap Overpass,https://www.openstreetmap.org/way/546481150,osm_sourced_needs_field_check,medium,OSM tags: amenity=fuel; shop=None; tourism=None; railway=None; brand=PT; operator=None
osm_fuel_way_555922560,ปั๊มไตรทศ,fuel,18.2007779,100.1938118,Phrae / nearby corridor bbox,roadside_rest_stop_or_charger_audit_target,OpenStreetMap Overpass,https://www.openstreetmap.org/way/555922560,osm_sourced_needs_field_check,medium,OSM tags: amenity=fuel; shop=None; tourism=None; railway=None; brand=None; operator=None
osm_fuel_way_561430282,Fuel Station,fuel,18.1083472,99.8644499,Phrae / nearby corridor bbox,roadside_rest_stop_or_charger_audit_target,OpenStreetMap Overpass,https://www.openstreetmap.org/way/561430282,osm_sourced_needs_field_check,medium,OSM tags: amenity=fuel; shop=None; tourism=None; railway=None; brand=None; operator=None
osm_fuel_way_561437793,Fuel Station,fuel,18.2121248,100.2659155,Phrae / nearby corridor bbox,roadside_rest_stop_or_charger_audit_target,OpenStreetMap Overpass,https://www.openstreetmap.org/way/561437793,osm_sourced_needs_field_check,medium,OSM tags: amenity=fuel; shop=None; tourism=None; railway=None; brand=None; operator=None
osm_fuel_way_561441530,PT,fuel,18.2260589,100.2848283,Phrae / nearby corridor bbox,roadside_rest_stop_or_charger_audit_target,OpenStreetMap Overpass,https://www.openstreetmap.org/way/561441530,osm_sourced_needs_field_check,medium,OSM tags: amenity=fuel; shop=None; tourism=None; railway=None; brand=PT; operator=None
osm_fuel_way_638395343,Bangchak,fuel,18.2625886,100.1994085,Phrae / nearby corridor bbox,roadside_rest_stop_or_charger_audit_target,OpenStreetMap Overpass,https://www.openstreetmap.org/way/638395343,osm_sourced_needs_field_check,medium,OSM tags: amenity=fuel; shop=None; tourism=None; railway=None; brand=None; operator=None
osm_fuel_way_638515560,PT,fuel,18.4134892,100.1831762,Phrae / nearby corridor bbox,roadside_rest_stop_or_charger_audit_target,OpenStreetMap Overpass,https://www.openstreetmap.org/way/638515560,osm_sourced_needs_field_check,medium,OSM tags: amenity=fuel; shop=None; tourism=None; railway=None; brand=PT; operator=None
osm_fuel_way_638515578,PT,fuel,18.3941773,100.1913478,Phrae / nearby corridor bbox,roadside_rest_stop_or_charger_audit_target,OpenStreetMap Overpass,https://www.openstreetmap.org/way/638515578,osm_sourced_needs_field_check,medium,OSM tags: amenity=fuel; shop=None; tourism=None; railway=None; brand=PT; operator=None
osm_fuel_way_638515594,PTT,fuel,18.3876114,100.1944364,Phrae / nearby corridor bbox,roadside_rest_stop_or_charger_audit_target,OpenStreetMap Overpass,https://www.openstreetmap.org/way/638515594,osm_sourced_needs_field_check,medium,OSM tags: amenity=fuel; shop=None; tourism=None; railway=None; brand=ป.ต.ท.; operator=None
osm_fuel_way_638516291,Susco Gas Station,fuel,18.3775783,100.2001367,Phrae / nearby corridor bbox,roadside_rest_stop_or_charger_audit_target,OpenStreetMap Overpass,https://www.openstreetmap.org/way/638516291,osm_sourced_needs_field_check,medium,OSM tags: amenity=fuel; shop=None; tourism=None; railway=None; brand=None; operator=None
osm_fuel_way_641576272,P T T Station,fuel,18.0892586,99.8447437,Phrae / nearby corridor bbox,roadside_rest_stop_or_charger_audit_target,OpenStreetMap Overpass,https://www.openstreetmap.org/way/641576272,osm_sourced_needs_field_check,medium,OSM tags: amenity=fuel; shop=None; tourism=None; railway=None; brand=None; operator=None
osm_fuel_way_641577604,Shell,fuel,18.1434589,100.1482674,Phrae / nearby corridor bbox,roadside_rest_stop_or_charger_audit_target,OpenStreetMap Overpass,https://www.openstreetmap.org/way/641577604,osm_sourced_needs_field_check,medium,OSM tags: amenity=fuel; shop=None; tourism=None; railway=None; brand=เชลล์; operator=None
osm_fuel_way_641582615,LPG Station,fuel,18.1402986,100.108126,Phrae / nearby corridor bbox,roadside_rest_stop_or_charger_audit_target,OpenStreetMap Overpass,https://www.openstreetmap.org/way/641582615,osm_sourced_needs_field_check,medium,OSM tags: amenity=fuel; shop=None; tourism=None; railway=None; brand=None; operator=None
osm_hospital_way_763393331,แพร่,hospital,18.1323557,100.1550968,Phrae / nearby corridor bbox,high-dwell_healthcare_destination,OpenStreetMap Overpass,https://www.openstreetmap.org/way/763393331,osm_sourced_needs_field_check,medium,OSM tags: amenity=hospital; shop=None; tourism=None; railway=None; brand=None; operator=None
osm_fuel_way_766145353,PTT,fuel,18.1547949,100.160364,Phrae / nearby corridor bbox,roadside_rest_stop_or_charger_audit_target,OpenStreetMap Overpass,https://www.openstreetmap.org/way/766145353,osm_sourced_needs_field_check,medium,OSM tags: amenity=fuel; shop=None; tourism=None; railway=None; brand=PTT; operator=None
osm_museum_way_766145356,พิพิธภัณฑ์เสรีไทย,museum,18.1475855,100.1483193,Phrae / nearby corridor bbox,tourism_destination,OpenStreetMap Overpass,https://www.openstreetmap.org/way/766145356,osm_sourced_needs_field_check,medium,OSM tags: amenity=None; shop=None; tourism=museum; railway=None; brand=None; operator=None
osm_fuel_way_766145359,Caltex,fuel,18.1520053,100.1535155,Phrae / nearby corridor bbox,roadside_rest_stop_or_charger_audit_target,OpenStreetMap Overpass,https://www.openstreetmap.org/way/766145359,osm_sourced_needs_field_check,medium,OSM tags: amenity=fuel; shop=None; tourism=None; railway=None; brand=Caltex; operator=None
osm_fuel_way_772431098,PTT,fuel,18.1241227,100.1422406,Phrae / nearby corridor bbox,roadside_rest_stop_or_charger_audit_target,OpenStreetMap Overpass,https://www.openstreetmap.org/way/772431098,osm_sourced_needs_field_check,medium,OSM tags: amenity=fuel; shop=None; tourism=None; railway=None; brand=PTT; operator=None
osm_fuel_way_776664018,PTT,fuel,18.1171494,100.1532313,Phrae / nearby corridor bbox,roadside_rest_stop_or_charger_audit_target,OpenStreetMap Overpass,https://www.openstreetmap.org/way/776664018,osm_sourced_needs_field_check,medium,OSM tags: amenity=fuel; shop=None; tourism=None; railway=None; brand=ป.ต.ท.; operator=None
osm_fuel_way_776664500,PTT NGV,fuel,18.1170472,100.15349,Phrae / nearby corridor bbox,roadside_rest_stop_or_charger_audit_target,OpenStreetMap Overpass,https://www.openstreetmap.org/way/776664500,osm_sourced_needs_field_check,medium,OSM tags: amenity=fuel; shop=None; tourism=None; railway=None; brand=ป.ต.ท.; operator=None
osm_marketplace_way_885940329,ตลาดสดเด่นฤดี,marketplace,17.9813886,100.0494988,Phrae / nearby corridor bbox,retail_destination,OpenStreetMap Overpass,https://www.openstreetmap.org/way/885940329,osm_sourced_needs_field_check,medium,OSM tags: amenity=marketplace; shop=None; tourism=None; railway=None; brand=None; operator=None
osm_hospital_way_1007540169,OSM hospital 1007540169,hospital,18.2072454,99.8642123,Phrae / nearby corridor bbox,high-dwell_healthcare_destination,OpenStreetMap Overpass,https://www.openstreetmap.org/way/1007540169,osm_sourced_needs_field_check,low_medium,OSM tags: amenity=hospital; shop=None; tourism=None; railway=None; brand=None; operator=None
osm_hospital_way_1021238049,OSM hospital 1021238049,hospital,18.0241678,99.9416059,Phrae / nearby corridor bbox,high-dwell_healthcare_destination,OpenStreetMap Overpass,https://www.openstreetmap.org/way/1021238049,osm_sourced_needs_field_check,low_medium,OSM tags: amenity=hospital; shop=None; tourism=None; railway=None; brand=None; operator=None
osm_hospital_way_1021676080,โรงพยาบาลส่งเสริมสุขภาพตำบลปากปาน,hospital,17.9891045,100.0004794,Phrae / nearby corridor bbox,high-dwell_healthcare_destination,OpenStreetMap Overpass,https://www.openstreetmap.org/way/1021676080,osm_sourced_needs_field_check,medium,OSM tags: amenity=hospital; shop=None; tourism=None; railway=None; brand=None; operator=None
osm_marketplace_way_1022643701,OSM marketplace 1022643701,marketplace,18.1008933,99.8600823,Phrae / nearby corridor bbox,retail_destination,OpenStreetMap Overpass,https://www.openstreetmap.org/way/1022643701,osm_sourced_needs_field_check,low_medium,OSM tags: amenity=marketplace; shop=None; tourism=None; railway=None; brand=None; operator=None
osm_hospital_way_1022644781,โรงพยาบาลส่งเสริมสุขภาพตำบลบ้านปิน,hospital,18.0992486,99.8605553,Phrae / nearby corridor bbox,high-dwell_healthcare_destination,OpenStreetMap Overpass,https://www.openstreetmap.org/way/1022644781,osm_sourced_needs_field_check,medium,OSM tags: amenity=hospital; shop=None; tourism=None; railway=None; brand=None; operator=None
osm_supermarket_way_1226065362,ท็อปเซ็นเตอร์,supermarket,18.1377884,100.1550294,Phrae / nearby corridor bbox,retail_destination,OpenStreetMap Overpass,https://www.openstreetmap.org/way/1226065362,osm_sourced_needs_field_check,medium,OSM tags: amenity=None; shop=supermarket; tourism=None; railway=None; brand=None; operator=None
osm_hospital_way_1226067286,โรงพยาบาลส่งเสริมสุขภาพตำบลทุ่งกวาว,hospital,18.150377,100.1638334,Phrae / nearby corridor bbox,high-dwell_healthcare_destination,OpenStreetMap Overpass,https://www.openstreetmap.org/way/1226067286,osm_sourced_needs_field_check,medium,OSM tags: amenity=hospital; shop=None; tourism=None; railway=None; brand=None; operator=Thung Kwao Tambon Health Promoting Hospital
osm_hospital_way_1227094862,โรงพยาบาลส่งเสริมสุขภาพตำบลช่อแฮฺ,hospital,18.0874072,100.2015325,Phrae / nearby corridor bbox,high-dwell_healthcare_destination,OpenStreetMap Overpass,https://www.openstreetmap.org/way/1227094862,osm_sourced_needs_field_check,medium,OSM tags: amenity=hospital; shop=None; tourism=None; railway=None; brand=None; operator=None
osm_hospital_way_1229685080,โรงพยาบาลส่งเสริมสุขภาพตำบลบ้านม่วงคำ ตำบลสรอย,hospital,17.75296,99.426623,Phrae / nearby corridor bbox,high-dwell_healthcare_destination,OpenStreetMap Overpass,https://www.openstreetmap.org/way/1229685080,osm_sourced_needs_field_check,medium,OSM tags: amenity=hospital; shop=None; tourism=None; railway=None; brand=None; operator=None
osm_hospital_way_1229685083,ศูนย์สาธารณสุขมูลฐานชุมชนบ้านแพะดอนมูล,hospital,17.7664074,99.4393694,Phrae / nearby corridor bbox,high-dwell_healthcare_destination,OpenStreetMap Overpass,https://www.openstreetmap.org/way/1229685083,osm_sourced_needs_field_check,medium,OSM tags: amenity=hospital; shop=None; tourism=None; railway=None; brand=None; operator=None
osm_fuel_way_1229685103,สถานีบริการน้ำมันพีที (สหกรณ์การเกษตรวังชิ้น จำกัด) ป่าสัก,fuel,17.7920207,99.4716818,Phrae / nearby corridor bbox,roadside_rest_stop_or_charger_audit_target,OpenStreetMap Overpass,https://www.openstreetmap.org/way/1229685103,osm_sourced_needs_field_check,medium,OSM tags: amenity=fuel; shop=None; tourism=None; railway=None; brand=PT; operator=None
osm_fuel_way_1229856854,PT,fuel,17.9707186,100.0684972,Phrae / nearby corridor bbox,roadside_rest_stop_or_charger_audit_target,OpenStreetMap Overpass,https://www.openstreetmap.org/way/1229856854,osm_sourced_needs_field_check,medium,OSM tags: amenity=fuel; shop=None; tourism=None; railway=None; brand=PT; operator=None
osm_fuel_way_1229857588,PTT,fuel,17.915484,99.6022588,Phrae / nearby corridor bbox,roadside_rest_stop_or_charger_audit_target,OpenStreetMap Overpass,https://www.openstreetmap.org/way/1229857588,osm_sourced_needs_field_check,medium,OSM tags: amenity=fuel; shop=None; tourism=None; railway=None; brand=ป.ต.ท.; operator=None
osm_fuel_way_1230059991,PTT,fuel,17.9771915,100.0269781,Phrae / nearby corridor bbox,roadside_rest_stop_or_charger_audit_target,OpenStreetMap Overpass,https://www.openstreetmap.org/way/1230059991,osm_sourced_needs_field_check,medium,OSM tags: amenity=fuel; shop=None; tourism=None; railway=None; brand=ป.ต.ท.; operator=None
osm_fuel_way_1236187815,Shell,fuel,17.9666391,100.0665514,Phrae / nearby corridor bbox,roadside_rest_stop_or_charger_audit_target,OpenStreetMap Overpass,https://www.openstreetmap.org/way/1236187815,osm_sourced_needs_field_check,medium,OSM tags: amenity=fuel; shop=None; tourism=None; railway=None; brand=เชลล์; operator=None
osm_fuel_way_1244824268,PTT,fuel,18.1882891,100.1858969,Phrae / nearby corridor bbox,roadside_rest_stop_or_charger_audit_target,OpenStreetMap Overpass,https://www.openstreetmap.org/way/1244824268,osm_sourced_needs_field_check,medium,OSM tags: amenity=fuel; shop=None; tourism=None; railway=None; brand=ป.ต.ท.; operator=None
osm_fuel_way_1319745200,บางจาก,fuel,18.2360726,100.2141314,Phrae / nearby corridor bbox,roadside_rest_stop_or_charger_audit_target,OpenStreetMap Overpass,https://www.openstreetmap.org/way/1319745200,osm_sourced_needs_field_check,medium,OSM tags: amenity=fuel; shop=None; tourism=None; railway=None; brand=บางจาก; operator=None
osm_museum_way_1418653926,พิพิธภัณฑ์คุ้มวงศ์บุรี,museum,18.143412,100.1362825,Phrae / nearby corridor bbox,tourism_destination,OpenStreetMap Overpass,https://www.openstreetmap.org/way/1418653926,osm_sourced_needs_field_check,medium,OSM tags: amenity=None; shop=None; tourism=museum; railway=None; brand=None; operator=None
osm_hospital_way_1486429055,โรงพยาบาลวังชิ้น,hospital,17.8886965,99.5984739,Phrae / nearby corridor bbox,high-dwell_healthcare_destination,OpenStreetMap Overpass,https://www.openstreetmap.org/way/1486429055,osm_sourced_needs_field_check,medium,OSM tags: amenity=hospital; shop=None; tourism=None; railway=None; brand=None; operator=None
osm_marketplace_way_1491836058,ตลาดสดวัดศรีดอก,marketplace,18.0318701,100.1192816,Phrae / nearby corridor bbox,retail_destination,OpenStreetMap Overpass,https://www.openstreetmap.org/way/1491836058,osm_sourced_needs_field_check,medium,OSM tags: amenity=marketplace; shop=None; tourism=None; railway=None; brand=None; operator=None
osm_station_way_1492217786,สถานีรถไฟแม่พวก,station,17.9359685,100.0577806,Phrae / nearby corridor bbox,transport_gateway,OpenStreetMap Overpass,https://www.openstreetmap.org/way/1492217786,osm_sourced_needs_field_check,medium,OSM tags: amenity=None; shop=None; tourism=None; railway=station; brand=None; operator=การรถไฟแห่งประเทศไทย
osm_museum_way_1492985898,พิพิธภัณฑ์ท้องถิ่นโกมลผ้าโบราณ,museum,18.0909907,99.8458549,Phrae / nearby corridor bbox,tourism_destination,OpenStreetMap Overpass,https://www.openstreetmap.org/way/1492985898,osm_sourced_needs_field_check,medium,OSM tags: amenity=None; shop=None; tourism=museum; railway=None; brand=None; operator=None
